<?xml version="1.0" encoding="UTF-8" standalone="no"?><TaskList Version="2.0"><Task Active="false" ConnectorKind="local" CreationDate="2013-10-31 21:50:36.813 +0400" DueDate="" EndDate="" Estimated="0" Handle="local-3" IssueURL="" Kind="task" Label="доработать возможность делать ставки" LastModified="now" MarkReadPending="false" ModificationDate="" Notes="" NotifiedIncoming="true" Owner="local" Priority="P3" Reminded="false" RepositoryUrl="local" ScheduledEndDate="2013-11-03 23:59:59.999 +0400" ScheduledStartDate="2013-10-28 00:00:00.0 +0400" Stale="false" TaskId="3" offlineSyncState="SYNCHRONIZED"/><Task Active="false" ConnectorKind="local" CreationDate="2013-10-29 00:54:27.393 +0400" DueDate="" EndDate="" Estimated="0" Handle="local-2" IssueURL="" Kind="task" Label="bank account" LastModified="now" MarkReadPending="false" ModificationDate="" Notes="Проработать вопрос с номером счёта, где и как это храниться и как работает" NotifiedIncoming="true" Owner="local" Priority="P3" Reminded="false" RepositoryUrl="local" ScheduledEndDate="2013-11-03 23:59:59.999 +0400" ScheduledStartDate="2013-10-28 00:00:00.0 +0400" Stale="false" TaskId="2" offlineSyncState="SYNCHRONIZED"/><Task Active="false" ConnectorKind="local" CreationDate="2013-10-29 00:47:40.380 +0400" DueDate="" EndDate="" Estimated="0" Handle="local-1" IssueURL="" Kind="task" Label="change Login" LastModified="now" MarkReadPending="false" ModificationDate="" Notes="проработать замену логина&#10;" NotifiedIncoming="true" Owner="local" Priority="P3" Reminded="false" RepositoryUrl="local" ScheduledEndDate="2013-11-03 23:59:59.999 +0400" ScheduledStartDate="2013-10-28 00:00:00.0 +0400" Stale="false" TaskId="1" offlineSyncState="SYNCHRONIZED"/><Task Active="false" ConnectorKind="local" CreationDate="2013-10-31 22:18:09.916 +0400" DueDate="" EndDate="" Estimated="0" Handle="local-5" IssueURL="" Kind="task" Label="Admin" LastModified="now" MarkReadPending="false" ModificationDate="" Notes="В конструкторе UserManager создавать и добавлять пользователя с логином Admin и паролем Administrator" NotifiedIncoming="true" Owner="local" Priority="P3" Reminded="false" RepositoryUrl="local" ScheduledEndDate="2013-11-03 23:59:59.999 +0400" ScheduledStartDate="2013-10-28 00:00:00.0 +0400" Stale="false" TaskId="5" offlineSyncState="SYNCHRONIZED"/><TaskCategory Handle="Uncategorized" Name="Uncategorized"><TaskReference Handle="local-3"/><TaskReference Handle="local-2"/><TaskReference Handle="local-1"/><TaskReference Handle="local-5"/></TaskCategory></TaskList>